variable,t-stat,p-val,1%,5%,10%,ADF 1%,ADF 5%,ADF 10%
sales,-4.897415358408536,3.5280612881765406e-05,-3.5812576580093696,-2.9267849124681518,-2.6015409829867675,Y,Y,Y
sales_log,-6.01205775118084,1.5649625463147846e-07,-3.5812576580093696,-2.9267849124681518,-2.6015409829867675,Y,Y,Y
sales_diff,-1.4745193958932288,0.5460764754603438,-3.5812576580093696,-2.9267849124681518,-2.6015409829867675,N,N,N
sales_diff2,-38.24186036367402,0.0,-3.5778480370438146,-2.925338105429433,-2.6007735310095064,Y,Y,Y
growth,-1.6679062371614617,0.4477193553355273,-3.5812576580093696,-2.9267849124681518,-2.6015409829867675,N,N,N
log_growth,-1.6911945142729357,0.43565494329569066,-3.5812576580093696,-2.9267849124681518,-2.6015409829867675,N,N,N
